phess_id,type,latitude,longitude,date_last_attended,day
3.20254E+11,home,-37.5375,143.832,13/12/2025,17/12/2025
3.20254E+11,home,-37.5608,143.8152,12/12/2025,17/12/2025
3.20254E+11,home,-37.5622,143.8503,15/12/2025,18/12/2025
3.20254E+11,home,-37.5867,143.8385,15/12/2025,18/12/2025
3.20254E+11,home,-37.5456,143.8921,15/12/2025,18/12/2025
3.20254E+11,home,-37.5854,143.8159,13/12/2025,18/12/2025
3.20254E+11,home,-37.6509,143.8834,14/12/2025,18/12/2025
3.20254E+11,home,-37.5639,143.7687,15/12/2025,18/12/2025
3.20254E+11,home,-37.602,143.8423,14/12/2025,19/12/2025
3.20254E+11,home,-37.5566,143.8694,15/12/2025,19/12/2025
3.20254E+11,home,-37.5289,143.8436,15/12/2025,19/12/2025
3.20254E+11,home,-37.4807,143.8034,15/12/2025,19/12/2025
3.20254E+11,home,-37.4236,143.893,16/12/2025,19/12/2025
3.20254E+11,home,-37.5739,143.8467,16/12/2025,19/12/2025
3.20254E+11,home,-37.5331,143.8719,15/12/2025,19/12/2025
3.20254E+11,home,-37.626,143.8787,16/12/2025,19/12/2025
3.20254E+11,home,-37.4202,143.7108,12/12/2025,19/12/2025
3.20254E+11,home,-37.5379,143.9072,14/12/2025,19/12/2025
3.20254E+11,home,-37.5484,143.8531,17/12/2025,20/12/2025
3.20254E+11,home,-37.5413,143.8206,15/12/2025,20/12/2025
3.20254E+11,home,-37.5218,143.8497,17/12/2025,20/12/2025
3.20254E+11,home,-37.6678,143.7986,14/12/2025,20/12/2025
3.20254E+11,home,-37.6105,143.7929,16/12/2025,20/12/2025
3.20254E+11,home,-37.5747,143.8632,15/12/2025,20/12/2025
3.20254E+11,home,-37.5566,143.8694,16/12/2025,20/12/2025
3.20254E+11,home,-37.5669,143.8588,17/12/2025,20/12/2025
3.20254E+11,home,-37.5854,143.8159,16/12/2025,20/12/2025
3.20254E+11,home,-37.6067,143.7781,15/12/2025,20/12/2025
3.20254E+11,home,-37.5608,143.8152,16/12/2025,20/12/2025
3.20254E+11,home,-37.6509,143.8834,17/12/2025,20/12/2025
3.20254E+11,home,-37.5622,143.8503,17/12/2025,20/12/2025
3.20254E+11,home,-37.542416,143.827531,15/12/2025,20/12/2025
3.20254E+11,work,-37.5622101,143.8533821,15/12/2025,18/12/2025
3.20254E+11,work,-37.5622101,143.8533821,15/12/2025,18/12/2025
3.20254E+11,work,-37.5622101,143.8533821,17/12/2025,20/12/2025
3.20254E+11,work,-37.5209,143.8492,17/12/2025,20/12/2025
3.20254E+11,work,-37.5622101,143.8533821,14/12/2025,20/12/2025
3.20254E+11,visited,-37.5622101,143.8533821,10/12/2025,17/12/2025
3.20254E+11,visited,-37.5622101,143.8533821,11/12/2025,17/12/2025
3.20254E+11,visited,-37.5622101,143.8533821,11/12/2025,17/12/2025
3.20254E+11,visited,-37.3139,144.1417,11/12/2025,18/12/2025
3.20254E+11,visited,-37.3136,144.1411,12/12/2025,18/12/2025
3.20254E+11,visited,-37.5668,143.8154,12/12/2025,18/12/2025
3.20254E+11,visited,-37.5623,143.8505,11/12/2025,18/12/2025
3.20254E+11,visited,-37.5859,143.8165,12/12/2025,18/12/2025
3.20254E+11,visited,-37.5386,143.8287,8/12/2025,18/12/2025
3.20254E+11,visited,-37.5858,143.8157,10/12/2025,19/12/2025
3.20254E+11,visited,-37.5636,143.7692,13/12/2025,19/12/2025
3.20254E+11,visited,-37.6508,143.8836,11/12/2025,19/12/2025
3.20254E+11,visited,-37.5444,143.8276,13/12/2025,19/12/2025
3.20254E+11,visited,-37.5629,143.8517,10/12/2025,19/12/2025
3.20254E+11,visited,-37.5621,143.8489,12/12/2025,19/12/2025
3.20254E+11,visited,-37.8183,144.9525,11/12/2025,19/12/2025
3.20254E+11,visited,-37.8135,144.9631,12/12/2025,19/12/2025
3.20254E+11,visited,-37.8101,144.9623,13/12/2025,19/12/2025
3.20254E+11,visited,-37.8076,144.9568,12/12/2025,20/12/2025
3.20254E+11,visited,-37.8183,144.9671,11/12/2025,20/12/2025
3.20254E+11,visited,-37.7666,144.961,12/12/2025,20/12/2025
3.20254E+11,visited,-37.818,144.9986,13/12/2025,20/12/2025
3.20254E+11,visited,-37.8676,144.974,13/12/2025,20/12/2025
3.20254E+11,visited,-37.8016,144.9009,11/12/2025,20/12/2025
3.20254E+11,visited,-37.7297,144.9019,11/12/2025,20/12/2025
3.20254E+11,visited,-37.8866,145.0813,11/12/2025,20/12/2025
3.20254E+11,visited,-37.5622101,143.8533821,12/12/2025,20/12/2025
3.20254E+11,visited,-37.5622101,143.8533821,12/12/2025,20/12/2025
3.20254E+11,visited,-37.5622101,143.8533821,12/12/2025,20/12/2025
3.20254E+11,visited,-37.5622101,143.8533821,13/12/2025,20/12/2025
3.20254E+11,visited,-37.5622101,143.8533821,13/12/2025,19/12/2025
3.20254E+11,visited,-37.5454645,143.8345171,13/12/2025,19/12/2025
3.20254E+11,visited,-37.5622101,143.8533821,13/12/2025,20/12/2025
3.20254E+11,visited,-37.5622101,143.8533821,13/12/2025,20/12/2025
3.20254E+11,visited,-37.5622101,143.8533821,13/12/2025,20/12/2025
3.20254E+11,visited,-37.5622101,143.8533821,14/12/2025,20/12/2025
3.20254E+11,visited,-37.5622101,143.8533821,14/12/2025,20/12/2025
Myer Ballarat,cooling tower,-37.5622101,143.8533821,,17/12/2025
Ballarat Base Hospital,cooling tower,-37.5629,143.8517,,17/12/2025
Federation University,cooling tower,-37.626,143.8787,,17/12/2025
The Provincial Hotel,cooling tower,-37.5633,143.8496,,17/12/2025
Craig’s Royal Hotel,cooling tower,-37.5609,143.858,,17/12/2025
City of Ballarat Civic Hall,cooling tower,-37.562,143.8481,,17/12/2025
Central Square Office Tower,cooling tower,-37.5628,143.8512,,17/12/2025
Ballarat Railway Station,cooling tower,-37.5596,143.8576,,17/12/2025
